﻿<?xml version="1.0" encoding="UTF-8"?>
<ROOT>
<about id="1" >
<title>
<![CDATA[<font color="#333333" face="Verdana" size="12"><b>O autorovi animácie:</b></font>]]>
</title>
<body><![CDATA[<font color="#000000" face="Verdana">
<i>
<p><font size="20" face="Arial">Martin Benko</font></p>
<p><font size="10">&nbsp;</font></p>


<p><font size="12">Študent Fakulty Elektrotechniky a Informatiky v Bratislave</font></p>

<p><font size="12">2001-2008</font></p>

<p><font size="10">&nbsp;</font></p>
<p><font size="10">&nbsp;</font></p>
<p><font size="10">ICQ kontakt: &nbsp;&nbsp;&nbsp;315-977-768</a></font></p>
<p><font size="10">E-mail kontakt: <a href="mailto:mato.benko@gmail.com"><font color="#0000CC" >mato.benko@gmail.com</font></a></font></p>
</i>
</font>]]></body>
</about>

</ROOT>